label,nose_x,nose_y,nose_z,left_shoulder_x,left_shoulder_y,left_shoulder_z,right_shoulder_x,right_shoulder_y,right_shoulder_z
F,0.2995296120643616,0.3888072967529297,0.0289410352706909,0.3422203958034515,0.4630531072616577,-0.135594293475151,0.3399384319782257,0.4606385827064514,0.2069529145956039
F,0.3369186520576477,0.3483893275260925,0.0182245131582021,0.3770102262496948,0.4147651195526123,-0.1640259325504303,0.3771591782569885,0.4186932146549225,0.2008032351732254
F,0.318045437335968,0.3896655440330505,0.0114182038232684,0.3600234985351562,0.4593349099159241,-0.1411689072847366,0.3642682433128357,0.461354523897171,0.1791505515575409
F,0.3014851808547973,0.3841042518615722,-0.0009896749397739,0.3386114239692688,0.4612497985363006,-0.1564292907714843,0.3407654166221618,0.4632602632045746,0.1841298639774322
F,0.34672811627388,0.3473020493984222,0.0105063077062368,0.3876508176326751,0.4147781133651733,-0.1524590700864792,0.3846986591815948,0.417831689119339,0.188976764678955
F,0.3089569211006164,0.3931598961353302,0.026612801477313,0.3503777086734772,0.4672692716121673,-0.1473085582256317,0.3546552956104278,0.469854474067688,0.2072867304086685
F,0.3199514746665954,0.3444565832614898,0.0213805027306079,0.3516007661819458,0.4235872328281402,-0.1614149808883667,0.3623777627944946,0.4298760294914245,0.1995445787906646
F,0.3203181624412536,0.3640638291835785,0.0079641053453087,0.3563380539417267,0.4339616894721985,-0.1498165428638458,0.3620806038379669,0.4380867183208465,0.1815225780010223
F,0.3502398133277893,0.3705811500549316,0.0114785442128777,0.3870329856872558,0.4437606632709503,-0.1679395139217376,0.3864543735980987,0.4489007294178009,0.1945878863334655
F,0.3272481858730316,0.4096781313419342,0.0124204866588115,0.3605493009090423,0.4832931458950043,-0.1228983104228973,0.3729917109012604,0.4864374697208404,0.1674720644950866
F,0.3547535240650177,0.3514342606067657,0.0081180147826671,0.390458345413208,0.4228396415710449,-0.1361324936151504,0.3855344653129577,0.4268037378787994,0.1851256787776947
F,0.3203281164169311,0.4051828384399414,0.0231945030391216,0.3592646718025207,0.4827432036399841,-0.130226194858551,0.3562019467353821,0.4836240112781524,0.1975182741880417
F,0.3368575274944305,0.3960285484790802,0.0061475061811506,0.3775944709777832,0.4750902056694031,-0.14644156396389,0.3782905638217926,0.4780096709728241,0.1678768694400787
F,0.3324988782405853,0.3813859522342682,0.0030458124820142,0.3714817762374878,0.4512158632278442,-0.1564143896102905,0.3737241625785827,0.4551373124122619,0.1769656687974929
F,0.3810252547264099,0.3280592560768127,0.032475471496582,0.4163146317005157,0.4009380936622619,-0.1496707051992416,0.4103361964225769,0.404029369354248,0.2117472141981125
F,0.3164848685264587,0.3942362666130066,0.0194925554096698,0.3540002703666687,0.4694691300392151,-0.1299205124378204,0.3530840873718261,0.4745303392410278,0.1918164044618606
F,0.3351471126079559,0.3477391898632049,-0.0074310633353888,0.3737010359764099,0.4199245572090149,-0.150290697813034,0.3659825026988983,0.4267880618572235,0.1718845218420028
F,0.3243435323238373,0.406977891921997,0.0320504531264305,0.3596809208393097,0.4847813248634338,-0.1133109480142593,0.3676058351993561,0.490208089351654,0.1847628951072693
F,0.3622063994407654,0.3464761078357696,0.0200725272297859,0.4011906087398529,0.4207412898540497,-0.1506487131118774,0.3931477665901184,0.4250172674655914,0.2004187405109405
F,0.3454897999763489,0.3890926241874695,0.0168265402317047,0.3804330229759216,0.4613257646560669,-0.1249836012721061,0.3890984058380127,0.4686270356178283,0.1742395162582397
F,0.3008130490779876,0.4168199002742767,0.0228358674794435,0.3399073779582977,0.49301278591156,-0.1253951638936996,0.3356711864471435,0.4962262213230133,0.1946904808282852
F,0.3311986029148102,0.3702729642391205,0.0189046803861856,0.3701172769069671,0.4462243616580963,-0.164969339966774,0.3660551011562347,0.4513590633869171,0.2004684656858444
F,0.3095074295997619,0.4128537178039551,0.0194784607738256,0.341003954410553,0.4884171187877655,-0.1327346563339233,0.3563616275787353,0.4921952784061432,0.1800604909658432
F,0.3341817855834961,0.3161592483520508,0.003153508529067,0.3705905973911285,0.3925346136093139,-0.1428830474615097,0.3635483980178833,0.393106997013092,0.1859101057052612
F,0.3082083165645599,0.3505798578262329,0.0060400948859751,0.3462523818016052,0.4312455058097839,-0.1444126963615417,0.3401329815387726,0.4317619502544403,0.1904812902212143
F,0.3525590300559997,0.31204953789711,0.0312904119491577,0.3891003429889679,0.3891286253929138,-0.1450583636760711,0.3846125304698944,0.3903934955596924,0.2036968469619751
F,0.3243681788444519,0.3617863059043884,0.0227316860109567,0.3537231683731079,0.4343520402908325,-0.1416735351085662,0.3651565909385681,0.4436699748039245,0.192568302154541
F,0.3165102005004883,0.4057319164276123,0.0244128201156854,0.357351154088974,0.471696674823761,-0.1272428035736084,0.355362594127655,0.4729079604148865,0.1923464834690094
F,0.2906171977519989,0.4206366837024688,0.0408406890928745,0.3245029151439667,0.488558828830719,-0.1139777600765228,0.357401430606842,0.4873402416706085,0.1642238497734069
F,0.3042975664138794,0.4194897413253784,0.0020215690601617,0.3431027233600616,0.4736199975013733,-0.1900571137666702,0.3640100061893463,0.4709714651107788,0.1696832329034805
F,0.3027797639369964,0.4076377153396606,0.0159536432474851,0.3413083553314209,0.461362212896347,-0.1749109327793121,0.3642990291118622,0.4570209980010986,0.1776597052812576
F,0.3053979277610779,0.4016639292240143,0.058849386870861,0.3444023132324219,0.4448927342891693,-0.1046711653470993,0.3754093050956726,0.4381669461727142,0.197035014629364
F,0.2822340428829193,0.4405564069747925,0.0856261253356933,0.3187743425369262,0.4787772893905639,-0.0765642672777175,0.3553755283355713,0.4702247381210327,0.1931175887584686
F,0.2733204662799835,0.457220196723938,0.0214404724538326,0.3154986500740051,0.493614137172699,-0.1592396944761276,0.3430888950824737,0.4791673123836517,0.1604442000389099
F,0.2885538935661316,0.4154013991355896,0.0548367388546466,0.3284984529018402,0.4648120403289795,-0.1105346903204917,0.3571611046791076,0.4596582949161529,0.1770031750202179
F,0.311817318201065,0.3792188465595245,-0.0038064578548073,0.349273145198822,0.4298655688762665,-0.1919876337051391,0.3719255626201629,0.4240276217460632,0.1656513661146164
F,0.303865909576416,0.3958867788314819,-0.0188597366213798,0.3403511643409729,0.4443309307098388,-0.2039186954498291,0.3642813861370086,0.4384164810180664,0.1495539098978042
F,0.3205980956554413,0.3681870996952057,0.0261207073926925,0.3567746579647064,0.4249851703643799,-0.12993985414505,0.3810704350471496,0.4233727753162384,0.1787851154804229
F,0.3124709725379944,0.3777363002300262,0.0445513501763343,0.3490394353866577,0.427735686302185,-0.1117930114269256,0.3762398362159729,0.4270806610584259,0.1845767796039581
F,0.3361619710922241,0.3361620903015136,-0.0326444506645202,0.3827627301216125,0.3919419050216675,-0.2239210903644561,0.3891966342926025,0.3889640271663666,0.1595440506935119
F,0.274694412946701,0.4203514158725738,-0.0015445803292095,0.3184371590614319,0.4650686383247375,-0.1911859512329101,0.3430498540401459,0.4533749222755432,0.1599650382995605
F,0.2803729176521301,0.4060899615287781,0.0099324062466621,0.314911425113678,0.4735948443412781,-0.1800281256437301,0.3427449464797973,0.4692016839981079,0.1748865246772766
F,0.2785722017288208,0.3994498550891876,0.0576240085065364,0.3171393275260925,0.4530001878738403,-0.1038153246045112,0.3481594920158386,0.4447709918022156,0.1702545881271362
F,0.3343096375465393,0.3028052151203155,0.0195299070328474,0.371481329202652,0.3643346130847931,-0.1473973840475082,0.3939114809036255,0.3645692467689514,0.1822618991136551
F,0.2674706578254699,0.4306896924972534,-0.0047121522948145,0.3020206391811371,0.4967471957206726,-0.1838303208351135,0.3353233933448791,0.4898361265659332,0.1529059112071991
F,0.2816410362720489,0.3941801190376282,0.0294481981545686,0.3154326379299164,0.4404045045375824,-0.1762746423482895,0.3452652096748352,0.4296639561653137,0.1679830998182296
F,0.3026437759399414,0.3532663881778717,0.00041481788503,0.3369094431400299,0.4367421865463257,-0.1409642994403839,0.3596638143062591,0.4343016743659973,0.1472569555044174
F,0.3332685530185699,0.3139458000659942,0.0117022721096873,0.3651868402957916,0.3862479329109192,-0.140399545431137,0.3930091559886932,0.3881491422653198,0.1626392751932144
F,0.2751110196113586,0.3677848279476166,-0.0040466147474944,0.3004133403301239,0.4466234445571899,-0.2012089639902115,0.3376040160655975,0.4400694072246551,0.1688552349805832
F,0.3128665089607239,0.2927100360393524,0.015977319329977,0.3373078405857086,0.3805098235607147,-0.1867550462484359,0.3706420660018921,0.3792660236358642,0.1825026273727417
F,0.3332174122333526,0.3165571987628937,0.0250042174011468,0.3671358525753021,0.3995009958744049,-0.1301681697368621,0.381160020828247,0.4004124402999878,0.1821568459272384
F,0.3114756345748901,0.3503829538822174,0.0161975212395191,0.3448991179466247,0.4236657321453094,-0.1314817517995834,0.3661934435367584,0.4245499074459076,0.1682411581277847
F,0.3258586525917053,0.3655397593975067,-0.0084654092788696,0.3619360625743866,0.4152240455150604,-0.2096944451332092,0.38817298412323,0.4136338531970978,0.1632691472768783
F,0.3081727623939514,0.385594755411148,0.0014489202294498,0.3445444405078888,0.4326218068599701,-0.194539189338684,0.3747570216655731,0.4252636730670929,0.1557936519384384
F,0.3846930563449859,0.2925971448421478,0.0202552769333124,0.4238377809524536,0.335317999124527,-0.1602178215980529,0.4383704662322998,0.3383364081382751,0.2055647820234298
F,0.3442861139774322,0.4153237640857696,0.0617320127785205,0.3922371566295624,0.4458219408988952,-0.1106893345713615,0.403559148311615,0.4473421573638916,0.2175798267126083
F,0.3929516077041626,0.2881021201610565,-0.0307556819170713,0.4240777194499969,0.3611806333065033,-0.2366577237844467,0.443539023399353,0.3554142713546753,0.1801289021968841
F,0.3456392884254455,0.344942957162857,-0.0010102945379912,0.3788575530052185,0.4213401973247528,-0.2088207304477691,0.407667875289917,0.4080411195755005,0.1861781477928161
F,0.3633747696876526,0.2858867049217224,0.0049375249072909,0.3937190771102905,0.3662940263748169,-0.1983565241098404,0.4168548882007599,0.3527922928333282,0.1954429000616073
F,0.383849024772644,0.3180019557476043,0.030155211687088,0.4200781583786011,0.3981359899044037,-0.1298428028821945,0.4394821524620056,0.3914045989513397,0.1972343772649765
F,0.3754066228866577,0.3383993804454803,0.0277937911450862,0.4097956418991089,0.4195407330989837,-0.1244160309433937,0.4316143095493316,0.4104616641998291,0.1826279461383819
F,0.4061292707920074,0.2740562260150909,-0.0051936204545199,0.4392778873443603,0.3378206491470337,-0.2196098566055297,0.4591428339481354,0.3339691758155823,0.1862735897302627
F,0.364516019821167,0.3147148489952087,0.0165938679128885,0.3916626572608948,0.3964821994304657,-0.192749485373497,0.4247480630874634,0.3911614418029785,0.1707922965288162
F,0.3781929314136505,0.2818945348262787,0.0022815454285591,0.4037351906299591,0.3694073557853699,-0.2071260064840316,0.4326635301113128,0.3595758080482483,0.174022376537323
F,0.3537026047706604,0.3517481386661529,0.0155720775946974,0.4040161669254303,0.3803269565105438,-0.1499751955270767,0.4109713733196258,0.37869593501091,0.1930591166019439
F,0.3412816226482391,0.4014142751693725,0.0894098579883575,0.3835815191268921,0.4054253101348877,-0.0944461226463317,0.4029416739940643,0.3985742032527923,0.2143576592206955
F,0.3971253931522369,0.2872777879238128,0.0251143909990787,0.4391465485095978,0.3136722147464752,-0.1573730856180191,0.4607365429401397,0.3126609623432159,0.2014272063970565
F,0.2705902457237243,0.3509962260723114,0.0657043755054473,0.2999795973300934,0.4032885134220123,-0.1303705722093582,0.336995929479599,0.4047941863536834,0.1765916794538498
F,0.2975128889083862,0.3449521958827972,0.0681525543332099,0.3301281332969665,0.3894806802272796,-0.1287988871335983,0.3643251359462738,0.394297182559967,0.1746574938297271
F,0.4882743656635284,0.4244757890701294,-0.3129112124443054,0.579322338104248,0.4769026935100555,-0.0147309554740786,0.4136969149112701,0.4774538278579712,0.0547876469790935
F,0.4707231521606445,0.4392387270927429,-0.3852693438529968,0.5720127820968628,0.4722614288330078,-0.0709710270166397,0.4063710272312164,0.4778994917869568,0.0173782221972942
F,0.4678993821144104,0.4293317794799804,-0.3770661354064941,0.5729796886444092,0.4828485250473022,-0.1060447096824646,0.4013769924640655,0.4837019145488739,-0.1178954467177391
F,0.4909900724887848,0.4343107938766479,-0.3804701268672943,0.5863020420074463,0.4834485054016113,-0.0610201135277748,0.4239195883274078,0.4872132837772369,0.0175204817205667
F,0.4835885465145111,0.4158939123153686,-0.3192333579063415,0.5803554058074951,0.4698228240013122,-0.0680770426988601,0.4150624275207519,0.4683767855167389,-0.0663492903113365
F,0.4759056270122528,0.4127999544143677,-0.2827116549015045,0.5766955614089966,0.4654740691184997,-0.0586084611713886,0.4128106534481048,0.465746134519577,-0.0555665269494056
F,0.5404267907142639,0.4041064381599426,-0.3311988115310669,0.6154896020889282,0.4539403319358825,-0.0167417749762535,0.4567583203315735,0.4516951143741607,0.0588329918682575
F,0.5233978629112244,0.4174405336380005,-0.2464652806520462,0.6101489663124084,0.4672316908836365,0.0165827814489603,0.4488016664981842,0.4696944653987884,0.0752020552754402
F,0.5108558535575867,0.3966038525104522,-0.3452653586864471,0.6015859246253967,0.452809602022171,-0.0760240331292152,0.4398190677165985,0.4501622915267944,-0.0595348663628101
F,0.4864905476570129,0.4129005670547485,-0.3061202764511108,0.5838944911956787,0.4679300487041473,-0.0232885535806417,0.4178357124328613,0.4674212634563446,0.0636563897132873
F,0.5035490393638611,0.3915070295333862,-0.3321955800056457,0.5955146551132202,0.4471633732318878,-0.0719252377748489,0.4303940534591675,0.4489891827106476,-0.0629013329744339
F,0.5255393385887146,0.377987653017044,-0.3650454878807068,0.6090761423110962,0.4337128400802612,-0.0621615350246429,0.4532215893268585,0.4328235983848572,0.0225141383707523
F,0.5310450792312622,0.4077407121658325,-0.2766639590263366,0.6182079911231995,0.4605161845684051,0.0240540243685245,0.4545373320579529,0.4621127545833587,0.0835797265172004
F,0.5426336526870728,0.4023963212966919,-0.2915382385253906,0.6212552189826965,0.4591552019119262,0.022413307800889,0.4582590758800506,0.4587092399597168,0.0851307064294815
F,0.5552166700363159,0.4138506352901459,-0.3100276887416839,0.636953592300415,0.4724148213863373,-0.0446972511708736,0.4672344923019409,0.4636176824569702,-0.034564770758152
F,0.5564599633216858,0.4013068675994873,-0.3085387945175171,0.6349632740020752,0.4634131789207458,-0.0439257472753524,0.4710518717765808,0.4542158544063568,-0.0435403361916542
F,0.5049352645874023,0.3973046243190765,-0.6029847264289856,0.5850639939308167,0.4434799551963806,-0.1366240233182907,0.3952277302742004,0.4465721845626831,-0.1813384592533111
F,0.4929455518722534,0.4799699783325195,-0.5363963842391968,0.5857717990875244,0.520974338054657,-0.1413984149694442,0.3749285340309143,0.5167573690414429,-0.1603689342737198
F,0.5245653390884399,0.4562398195266723,-0.5958942770957947,0.6074618101119995,0.4993070065975189,-0.1415909826755523,0.4059373736381531,0.497696042060852,-0.1216999217867851
F,0.5161272883415222,0.4445677995681762,-0.5323548316955566,0.605430006980896,0.4928499460220337,-0.1156963184475898,0.4038325250148773,0.4869209825992584,-0.0824633464217186
F,0.470473051071167,0.4587360620498657,-0.6561022996902466,0.582468569278717,0.4915939569473266,-0.2150087207555771,0.3643903732299804,0.4944064915180206,-0.2154912799596786
F,0.47266685962677,0.3888755142688751,-0.5882202386856079,0.5725976228713989,0.4352776408195495,-0.1711132675409317,0.3773311376571655,0.4352649450302124,-0.1002063602209091
F,0.4951196312904358,0.4429972171783447,-0.5964174866676331,0.6017974615097046,0.4826687276363373,-0.150121584534645,0.3839877247810364,0.4811111986637115,-0.0684339702129364
F,0.4840899705886841,0.4440446496009826,-0.6035054922103882,0.5900025367736816,0.4740835726261139,-0.1788597702980041,0.381854772567749,0.4768691658973694,-0.1911210566759109
F,0.4903720915317535,0.4142856001853943,-0.5896823406219482,0.5884763598442078,0.4558193385601043,-0.1371184438467025,0.3841462731361389,0.4556544125080108,-0.1686237454414367
F,0.5189290642738342,0.4319154024124145,-0.4510684907436371,0.6098646521568298,0.4765540361404419,-0.0470804721117019,0.404794305562973,0.4751608073711395,-0.0351609922945499
F,0.5294385552406311,0.4504585862159729,-0.5111053586006165,0.6219056844711304,0.4966055452823639,-0.1050066202878952,0.4176031947135925,0.4937149584293365,-0.1611927449703216
F,0.5057277679443359,0.3919289112091064,-0.5272089242935181,0.621602475643158,0.4448179602622986,-0.1364837288856506,0.416665256023407,0.437907338142395,-0.1389086693525314
F,0.4805640578269958,0.4143317341804504,-0.4563932120800018,0.6130340695381165,0.4599322080612182,-0.1008202210068702,0.4083223640918731,0.4615625143051147,-0.1300342977046966
F,0.5488470792770386,0.4143156707286834,-0.5305030345916748,0.6458185315132141,0.4668399393558502,-0.10934429615736,0.4373377561569214,0.4634833931922912,-0.062799833714962
F,0.4969398975372314,0.4404313564300537,-0.5169830918312073,0.6014739274978638,0.4816888272762298,-0.0870377346873283,0.3946959376335144,0.4862450957298279,-0.0239054132252931
F,0.4987600743770599,0.4247972965240478,-0.432800680398941,0.5914820432662964,0.4777079820632934,-0.049496840685606,0.3963230848312378,0.4739663302898407,0.0215689241886138
F,0.6972708702087402,0.3609841465950012,-0.2784028351306915,0.6390064358711243,0.4148301482200622,0.1180454641580581,0.5791208744049072,0.4156414270401001,-0.4465512335300445
F,0.6773677468299866,0.3438901901245117,-0.2467947602272033,0.6176133751869202,0.393320620059967,0.1682253330945968,0.556634783744812,0.3955512642860412,-0.3952547609806061
F,0.7345862984657288,0.3810056447982788,-0.1142226234078407,0.676490068435669,0.4327704906463623,0.2185618281364441,0.6161116361618042,0.4364114701747894,-0.3291116952896118
F,0.6911718845367432,0.3289588689804077,-0.3702213764190674,0.6439740061759949,0.3796730935573578,0.1297973692417144,0.5715950131416321,0.3861397504806518,-0.4041201770305633
F,0.7742416858673096,0.3732851147651672,-0.3327018022537231,0.7128307819366455,0.4285550713539123,0.0655882656574249,0.6487451791763306,0.4328895509243011,-0.4725749492645263
F,0.6523962020874023,0.3390458226203918,-0.3393635153770447,0.6198991537094116,0.3911789953708648,0.1340495198965072,0.5409759879112244,0.3945057392120361,-0.406663030385971
F,0.6580957174301147,0.3670154809951782,-0.2444125115871429,0.6225230693817139,0.4206517338752746,0.1864997446537017,0.5482268333435059,0.4284324049949646,-0.3542303144931793
F,0.6684249639511108,0.3561130166053772,-0.2228534370660781,0.6183408498764038,0.409851610660553,0.1592849045991897,0.5495026111602783,0.4174313843250274,-0.3862129747867584
F,0.6802054643630981,0.3661423921585083,-0.2505081295967102,0.624010443687439,0.4206941127777099,0.1185233369469642,0.5605907440185547,0.4237819910049438,-0.4449086487293243
F,0.6331725716590881,0.3691588640213012,-0.32139852643013,0.6021742820739746,0.4191465973854065,0.1626487672328949,0.5111042857170105,0.4286494553089142,-0.4033554792404175
F,0.6515470147132874,0.357119619846344,-0.2449577748775482,0.5875069499015808,0.4018104076385498,0.1829975545406341,0.5265057682991028,0.4057108461856842,-0.4185475409030914
F,0.6365758776664734,0.3652170896530151,-0.2656018137931824,0.5965182185173035,0.4161747395992279,0.173361524939537,0.5167099237442017,0.4247373640537262,-0.4070156216621399
F,0.6590515375137329,0.3631018102169037,-0.29470095038414,0.6022254824638367,0.4185376167297363,0.0872137546539306,0.5435472726821899,0.4218139350414276,-0.47762331366539
F,0.6028444766998291,0.3292406797409057,-0.2393980175256729,0.5496195554733276,0.3841720819473266,0.1529930382966995,0.4845010340213775,0.3877797126770019,-0.4209581911563873
F,0.6292263865470886,0.3593382239341736,-0.1845253109931945,0.5740190744400024,0.4078250527381897,0.2644169926643371,0.5135959982872009,0.4092837274074554,-0.3404377102851867
F,0.6370131969451904,0.3663846254348755,-0.179054856300354,0.5796384811401367,0.4230871796607971,0.2158998101949691,0.5186910629272461,0.4274846017360687,-0.3541128039360046
F,0.583871603012085,0.3308195471763611,-0.3217951953411102,0.5380098223686218,0.3823607563972473,0.1234405040740966,0.4692451059818268,0.3884068727493286,-0.4681259095668793
F,0.6796131134033203,0.3545971810817718,-0.3484839200973511,0.6143724322319031,0.4095750749111175,0.0884207561612129,0.5610076785087585,0.411884605884552,-0.4984288513660431
F,0.6440383195877075,0.3416801393032074,-0.3072677254676819,0.5811932682991028,0.394235223531723,0.1019954234361648,0.5320241451263428,0.396724671125412,-0.4717282056808471
M,0.3040231466293335,0.3445325195789337,0.0021688842680305,0.3468694984912872,0.4145521819591522,-0.1515327394008636,0.3418841660022735,0.4142039120197296,0.1827430874109268
M,0.3957143723964691,0.280912309885025,0.005006643012166,0.4418241381645202,0.3379460573196411,-0.1602719277143478,0.433094322681427,0.3437507450580597,0.1853317320346832
M,0.4304454922676086,0.2733940482139587,0.0011803595116361,0.4765529036521911,0.3212636709213257,-0.1660440266132354,0.4664343297481537,0.3276891708374023,0.183408573269844
M,0.4005770087242126,0.2888928651809692,0.0020324119832366,0.4476443529129028,0.3480840623378753,-0.1708426773548126,0.4338036477565765,0.3561886548995971,0.1932240724563598
M,0.4322162270545959,0.2783133387565613,0.0018854805966839,0.476031631231308,0.333466500043869,-0.1403128653764724,0.4664589166641235,0.3369306325912475,0.1716596037149429
M,0.3285121023654938,0.3476101756095886,-0.010473234578967,0.3651244938373565,0.4181254804134369,-0.1503603309392929,0.3622855246067047,0.4198857545852661,0.1662474125623703
M,0.374051034450531,0.300207108259201,0.0006789558683522,0.4159920811653137,0.3660015761852264,-0.1476433724164962,0.4063854813575744,0.3731119632720947,0.1817853897809982
M,0.4314722716808319,0.2415182590484619,-0.0143353091552853,0.4780811667442322,0.2937861084938049,-0.174393281340599,0.4704428911209106,0.2998438477516174,0.1681424975395202
M,0.4152889251708984,0.2514578402042389,-0.0089818695560097,0.4587564468383789,0.3163251578807831,-0.1769805997610092,0.44793701171875,0.3209099173545837,0.1820125132799148
M,0.3695750832557678,0.295348584651947,0.0145618468523025,0.4123860597610473,0.3609038293361664,-0.1766092330217361,0.4043334424495697,0.3682570159435272,0.2059666961431503
M,0.3999297022819519,0.2518880367279053,0.0103846760466694,0.4481331408023834,0.3146748840808868,-0.1562502682209015,0.4396758377552032,0.3201950490474701,0.1898108720779419
M,0.4085304141044616,0.2664999961853027,-0.0384821593761444,0.4489987194538116,0.3315941095352173,-0.1730423271656036,0.4444519579410553,0.3335118889808655,0.1432548910379409
M,0.3592289984226227,0.3509204983711242,-0.0057408311404287,0.4008855819702148,0.4212346076965332,-0.1532987803220749,0.3917255401611328,0.4239789843559265,0.174703761935234
M,0.4485525488853454,0.2588754296302795,0.018288854509592,0.4947278201580047,0.3108325004577636,-0.1329827010631561,0.4832075536251068,0.3206866979598999,0.1742638200521469
M,0.4461279511451721,0.2644786238670349,-0.0020767827518284,0.4870760142803192,0.3231741786003113,-0.1642261445522308,0.4818314909934997,0.3299134373664856,0.1752892434597015
M,0.389051228761673,0.3139927387237549,0.0067031695507466,0.4304659366607666,0.3816924095153808,-0.1718381494283676,0.4222612977027893,0.3853541016578674,0.1906561255455017
M,0.4501897096633911,0.2742993235588074,0.0099787022918462,0.4910463094711303,0.335003525018692,-0.1365642249584198,0.4822876155376434,0.3389897644519806,0.1749284416437149
M,0.4701911211013794,0.245056077837944,-0.0092662507668137,0.5125826001167297,0.2955018579959869,-0.1593769490718841,0.5056421160697937,0.302524983882904,0.1579774022102356
M,0.3882426023483276,0.3239530026912689,-0.0072047701105475,0.4312806725502014,0.3875535726547241,-0.1525889933109283,0.4237851500511169,0.3921614587306976,0.1719312220811844
M,0.4250465631484985,0.2949972450733185,0.0034101831261068,0.4692360460758209,0.3617621660232544,-0.1635593622922897,0.456558346748352,0.364691823720932,0.1818596571683883
M,0.4099507927894592,0.2691407203674316,0.0034128634724766,0.455828994512558,0.3312760889530182,-0.1557848006486892,0.4453193247318268,0.3397051692008972,0.1768284738063812
M,0.4524960517883301,0.2576521337032318,0.0271518006920814,0.4955269992351532,0.3139289617538452,-0.1194268614053726,0.4871027171611786,0.319013774394989,0.1747822612524032
M,0.3889785706996918,0.3007088303565979,0.0076991003006696,0.4282326996326446,0.372111439704895,-0.1396587193012237,0.4204617142677307,0.375078946352005,0.1855578571557998
M,0.4167412221431732,0.2721659243106842,0.0078162299469113,0.4639669954776764,0.3332104086875915,-0.1422895938158035,0.4527555108070373,0.3367804884910583,0.1752346158027649
M,0.4474862515926361,0.2534318566322326,-0.0065291472710669,0.4899824857711792,0.3143861889839172,-0.165114015340805,0.4816759526729584,0.3216115832328796,0.1630700081586837
M,0.3708592653274536,0.3379660844802856,0.0396658405661582,0.4087384641170501,0.4067593216896057,-0.1464467793703079,0.4000032842159271,0.4093964695930481,0.2208960503339767
M,0.4288362264633178,0.2563663721084595,-0.0044811894185841,0.475058764219284,0.313263475894928,-0.1467607766389846,0.4648915827274322,0.3267084956169128,0.1513097137212753
M,0.43911212682724,0.2763602137565613,0.0046586748212575,0.4806836545467376,0.3433590531349182,-0.1319689750671386,0.468375563621521,0.3440493047237396,0.1631394326686859
M,0.3582090735435486,0.3317553400993347,0.0131946327164769,0.3949520885944366,0.4019043147563934,-0.1337750256061554,0.3865965008735657,0.4058902263641357,0.1882143020629882
M,0.3459951281547546,0.3616631925106048,-0.0076635647565126,0.3884488046169281,0.4359824061393738,-0.1479060500860214,0.3769434690475464,0.4373620450496673,0.1682629883289337
M,0.4219599366188049,0.2780921757221222,-0.0050408858805894,0.4705820679664612,0.3391342163085937,-0.1430434435606002,0.45576873421669,0.3393421471118927,0.1567821651697158
M,0.4185986220836639,0.2757759094238281,-0.0078866770491003,0.4598698616027832,0.3368088006973266,-0.1704025566577911,0.451282650232315,0.3458720743656158,0.1706446558237075
M,0.4179451465606689,0.2860731482505798,0.0116908336058259,0.4623437523841858,0.3444516956806183,-0.1565479338169098,0.4524959325790405,0.3503469228744507,0.1891064345836639
M,0.3730623424053192,0.3184229135513305,0.0117467334493994,0.4127422571182251,0.3859902620315552,-0.1734154224395752,0.4030795395374298,0.3925443291664123,0.1988133639097213
M,0.426700085401535,0.2442028820514679,-0.0080537050962448,0.4683669805526733,0.3099993169307709,-0.1531659364700317,0.4541724920272827,0.313125729560852,0.160973772406578
M,0.3609234690666199,0.2789463996887207,-0.016357684507966,0.4025926291942596,0.3488918244838714,-0.1593933403491974,0.3935949802398681,0.3487322926521301,0.1669194400310516
M,0.4325162172317505,0.2039509713649749,0.0083632944151759,0.4752736091613769,0.2623271346092224,-0.1325331479310989,0.4641586542129516,0.2673662304878235,0.1620839983224868
M,0.4263416230678558,0.2105272263288498,-0.0051520220004022,0.4669021964073181,0.2776837050914764,-0.163571298122406,0.4587603807449341,0.2818603515625,0.1636808216571808
M,0.3565248250961303,0.2869400978088379,0.0218735579401254,0.395046055316925,0.3606532216072082,-0.1647539436817169,0.3891642987728119,0.363575279712677,0.2083596140146255
M,0.4633863270282745,0.2716473937034607,0.0196799617260694,0.5044309496879578,0.3255640864372253,-0.1269626915454864,0.4988071620464325,0.3320933878421783,0.1687918156385421
M,0.3957642614841461,0.3240036070346832,0.0070096189156174,0.4327505230903625,0.3889714777469635,-0.1325974017381668,0.4291238784790039,0.3939944505691528,0.1748395562171936
M,0.3649448156356811,0.3229039907455444,0.0013642715057358,0.3980036079883575,0.3769716918468475,-0.1730865985155105,0.4203805327415466,0.3839230835437774,0.1799007952213287
M,0.384568303823471,0.3300016224384308,0.0114864436909556,0.4134151041507721,0.3943452537059784,-0.15627983212471,0.4395908415317535,0.4018961191177368,0.1811090111732483
M,0.427763432264328,0.2650620937347412,-0.0506184957921505,0.4715865552425384,0.3140253126621246,-0.2100498974323272,0.4655071496963501,0.3214223682880401,0.1337195187807083
M,0.4235493838787079,0.2428826689720153,-0.0571592040359973,0.4672652781009674,0.3024170100688934,-0.2156173884868621,0.4636464118957519,0.3022429645061493,0.1268351078033447
M,0.4462899565696716,0.2523876428604126,-0.0017696445574983,0.4832522571086883,0.2990506589412689,-0.1548649370670318,0.4938917756080627,0.3073643743991852,0.1658295691013336
M,0.4021114408969879,0.2652576267719269,-0.0021312860772013,0.445853441953659,0.3065233826637268,-0.1475603729486465,0.4490106403827667,0.3177737593650818,0.1645245254039764
M,0.4494959414005279,0.2315493524074554,-0.043109618127346,0.4929423928260803,0.2811654508113861,-0.180148497223854,0.4933379888534546,0.2860549688339233,0.1191622167825698
M,0.3640269637107849,0.3347968161106109,-0.0221580192446708,0.4122518002986908,0.3696724772453308,-0.2051736265420913,0.4133081436157226,0.3682256937026977,0.1648129969835281
M,0.3472821116447449,0.3645237386226654,0.0127993719652295,0.3882293403148651,0.3992788195610046,-0.1820224821567535,0.4069554805755615,0.3891221284866333,0.1569760143756866
M,0.4163140952587127,0.2523230910301208,-0.0201944317668676,0.4503772556781769,0.3094542622566223,-0.1863817572593689,0.4694737195968628,0.3146959543228149,0.163859561085701
M,0.3425056338310241,0.3323105275630951,0.0221464019268751,0.3764831721782684,0.3887987434864044,-0.1383094936609268,0.4049680531024933,0.3861938416957855,0.163283571600914
M,0.4435515999794006,0.2054951339960098,-0.016178561374545,0.4814928472042084,0.2635264694690704,-0.1553717851638794,0.4825941324234009,0.2694028615951538,0.1427631676197052
M,0.4366588890552521,0.2192634493112564,-0.0698858723044395,0.4813704490661621,0.2753615975379944,-0.2261167615652084,0.47611004114151,0.2798966765403747,0.125157818198204
M,0.4371453821659088,0.2115536481142044,-0.0645840764045715,0.4804239273071289,0.2802556157112121,-0.2151784300804138,0.4747096300125122,0.2855718433856964,0.1241889297962188
M,0.4193006455898285,0.2452600002288818,-0.0432859323918819,0.4593221843242645,0.3176040947437286,-0.2084540575742721,0.4547701478004455,0.3218193054199219,0.1562281847000122
M,0.4436383247375488,0.227300763130188,-0.0292885266244411,0.4794029593467712,0.2781623303890228,-0.1712030619382858,0.4900097250938415,0.2832886874675751,0.1426318883895874
M,0.4368776977062225,0.2213109135627746,0.0070595825091004,0.4712473452091217,0.2769033908843994,-0.1457879245281219,0.4889813959598541,0.28007572889328,0.1682507544755935
M,0.4547270238399505,0.2012545317411422,-0.0585133247077465,0.497745156288147,0.2542472183704376,-0.216880202293396,0.4973188638687134,0.2647037208080292,0.1297165006399154
M,0.3814837634563446,0.2476532757282257,-0.0320653468370437,0.424208402633667,0.2915466129779815,-0.2026754468679428,0.4318829476833343,0.2932480871677398,0.1565414667129516
M,0.4630315005779266,0.1894480288028717,-0.0468431040644645,0.5071192383766174,0.2412040829658508,-0.1873431205749511,0.5079352855682373,0.2494981288909912,0.1203261464834213
M,0.3740623891353607,0.2604701817035675,-0.0274888128042221,0.4097552895545959,0.3162006139755249,-0.1931665986776352,0.4244810342788696,0.3176858127117157,0.1599364429712295
M,0.4446154832839966,0.1685712933540344,-0.0443545505404472,0.4740253984928131,0.2476786822080612,-0.1808958351612091,0.480582445859909,0.251174122095108,0.1255149841308593
M,0.3884382247924804,0.2898833155632019,0.0010504631791263,0.4233308136463165,0.3458761572837829,-0.185182899236679,0.4370984733104706,0.3519627451896667,0.1780341416597366
M,0.444812923669815,0.2349305748939514,-0.0379933938384056,0.4858187139034271,0.2972524762153625,-0.1768880933523178,0.4874752759933471,0.3038078248500824,0.1322320997714996
M,0.4277811050415039,0.1831813156604766,0.0776571333408355,0.454042375087738,0.2416847795248031,-0.1306550949811935,0.4879701435565948,0.2569901347160339,0.182358518242836
M,0.4602237939834595,0.1593031287193298,-0.0498188734054565,0.5018516182899475,0.2273638397455215,-0.2148453742265701,0.4939081966876983,0.2390088438987732,0.1440215110778808
M,0.3646445274353027,0.2737560868263244,0.007592431269586,0.3955826461315155,0.3361206352710724,-0.2079806327819824,0.4116906821727752,0.3369258940219879,0.2104431390762329
M,0.3774451315402984,0.2577091455459595,0.0506181493401527,0.4083705544471741,0.323533147573471,-0.1874581575393676,0.4353967607021332,0.3240329623222351,0.1748802065849304
M,0.4663292467594147,0.1884894073009491,0.0484380610287189,0.497339129447937,0.2360922992229461,-0.1570484936237335,0.519543468952179,0.2537499666213989,0.1831517219543457
M,0.3667304515838623,0.2631563246250152,0.01058298535645,0.3981952965259552,0.3410252630710602,-0.1569972187280655,0.4154004156589508,0.3416311740875244,0.171744242310524
M,0.4503082633018493,0.168298065662384,0.0698785409331321,0.4797993302345276,0.233824223279953,-0.1393759697675705,0.5053443908691406,0.242019236087799,0.1787250488996505
M,0.4646351635456085,0.1585505604743957,-0.044749092310667,0.4998782873153686,0.2259133160114288,-0.2262736707925796,0.5077371597290039,0.2421601563692093,0.1569622009992599
M,0.3598742485046386,0.2695911824703216,0.0012621788773685,0.3872459530830383,0.3418504297733307,-0.2054314166307449,0.4055042862892151,0.3404604196548462,0.1893296241760254
M,0.4312269389629364,0.1524966657161712,-0.0210937485098838,0.4632137715816498,0.2252478003501892,-0.2164583951234817,0.4911471605300903,0.2332582175731659,0.1520689576864242
M,0.4727203547954559,0.1558727920055389,0.0419522076845169,0.5090191960334778,0.2091378271579742,-0.1377861052751541,0.5250508785247803,0.2241151332855224,0.1915604472160339
M,0.4167664051055908,0.2051872611045837,0.0016285553574562,0.4476495385169983,0.2739914655685425,-0.1681482791900634,0.4679282009601593,0.2869579792022705,0.1712371557950973
M,0.3982736766338348,0.2187989354133606,0.0226152464747428,0.4310651123523712,0.2870600819587707,-0.164017841219902,0.4546893537044525,0.2887376844882965,0.1814912855625152
M,0.4452266097068786,0.2421585321426391,-0.0149769056588411,0.4854467809200287,0.2805419862270355,-0.2107398360967636,0.4867802858352661,0.2902136147022247,0.1828425824642181
M,0.3843559026718139,0.2765811085700989,0.0140853226184844,0.4246337115764618,0.3204690217971802,-0.1915272176265716,0.4432633221149444,0.3209195733070373,0.18460313975811
M,0.4959130883216858,0.1730155646800995,0.0015142073389142,0.5299726724624634,0.2303526103496551,-0.1728267669677734,0.5531467199325562,0.2424404174089431,0.1714859008789062
M,0.3960420489311218,0.2991579174995422,0.0216253232210874,0.4368844628334045,0.3349989950656891,-0.1518293619155883,0.4549779891967773,0.3362842500209808,0.1955634355545044
M,0.4983736574649811,0.1458534300327301,0.0390925481915473,0.5373742580413818,0.2106052488088607,-0.1375550627708435,0.5643035173416138,0.2180696129798889,0.1717042922973632
M,0.5150983333587646,0.1519124805927276,-0.0318112149834632,0.5555942058563232,0.2263342589139938,-0.226223811507225,0.553389847278595,0.2353753447532653,0.1860145628452301
M,0.49912229180336,0.1777273416519165,-0.040526270866394,0.5402019619941711,0.2510199844837188,-0.2402796447277069,0.551598310470581,0.2551157176494598,0.1796872764825821
M,0.5630416870117188,0.1319806575775146,-0.0071357958950102,0.5973267555236816,0.2050665467977523,-0.171411395072937,0.6112374663352966,0.2134516239166259,0.1745344996452331
M,0.4783335924148559,0.2009811401367187,-0.0311980880796909,0.5028485059738159,0.2894370257854461,-0.2006611824035644,0.5219048261642456,0.2957972884178161,0.1577158719301223
M,0.4762005805969238,0.2178517282009124,0.0211629327386617,0.504635751247406,0.2870493233203888,-0.1724243611097335,0.5353862643241882,0.2990588545799255,0.1728750020265579
M,0.4316665828227997,0.1915715634822845,0.0283405985683202,0.4690658748149872,0.2440979778766632,-0.1458188444375991,0.4853709936141968,0.2559946775436401,0.1770765334367752
M,0.5341572761535645,0.1333464384078979,-0.0062553104944527,0.5680288672447205,0.2026995867490768,-0.1604246646165847,0.5853829383850098,0.2124817669391632,0.1497712880373001
M,0.5121262669563293,0.1368604302406311,-0.0734180584549903,0.5595261454582214,0.1990117132663726,-0.2464134693145752,0.5594438314437866,0.2099651247262954,0.136032223701477
M,0.5005530118942261,0.1328087449073791,-0.071562148630619,0.5400981903076172,0.208413764834404,-0.2544004023075104,0.5520390272140503,0.2157001793384552,0.1478531509637832
M,0.5499120354652405,0.1161933615803718,-0.0083746630698442,0.5864453315734863,0.1747139394283294,-0.1723036766052246,0.6010941863059998,0.1849714815616607,0.174010083079338
M,0.4356049299240112,0.1953062415122985,-0.0065363813191652,0.4726062417030334,0.2663347423076629,-0.1757079809904098,0.4770832657814026,0.27236407995224,0.1943017244338989
M,0.3815010190010071,0.2173811644315719,-0.0133538227528333,0.4132284522056579,0.2694146335124969,-0.182036280632019,0.4392783045768738,0.2886379361152649,0.1449728012084961
M,0.5256410837173462,0.1216354966163635,-0.1015746444463729,0.5687445402145386,0.185875117778778,-0.1671887785196304,0.5681734681129456,0.1971366703510284,0.1920360624790191
M,0.4648087918758392,0.4261636435985565,-0.2984777390956878,0.5739547610282898,0.4744830131530761,-0.0615319870412349,0.4034259021282196,0.4708409905433655,-0.0333672203123569
M,0.4675283432006836,0.3950900435447693,-0.2964544296264648,0.5688314437866211,0.4540825486183166,-0.0276777893304824,0.4057274758815765,0.4516029953956604,0.0129068987444043
M,0.4834873080253601,0.3487728238105774,-0.3992201387882232,0.5721237659454346,0.3985477685928345,-0.127276599407196,0.4270440936088562,0.3996065258979797,-0.0762520655989646
M,0.4564623832702636,0.3596119582653045,-0.3500038683414459,0.5375315546989441,0.4052697420120239,-0.1200446411967277,0.4032015800476074,0.4068662524223327,-0.0304029695689678
M,0.465291678905487,0.3825393915176391,-0.4183141887187958,0.5586163997650146,0.4320034384727478,-0.1468879580497741,0.4099493026733398,0.432938814163208,-0.0302616171538829
M,0.4548883438110351,0.3824291229248047,-0.430142194032669,0.5409693121910095,0.4186599850654602,-0.1849104613065719,0.4015510976314544,0.4157944321632385,-0.0656021237373352
M,0.5025023221969604,0.3692424893379211,-0.4718613922595978,0.5846128463745117,0.4103463590145111,-0.1584204584360122,0.4416516721248626,0.409332126379013,-0.109033465385437
M,0.4736384153366089,0.400797575712204,-0.3915024697780609,0.5745223164558411,0.4545220136642456,-0.089413858950138,0.4081042110919952,0.4538776576519012,-0.0739450454711914
M,0.5065534114837646,0.3876317739486694,-0.402027279138565,0.5872883796691895,0.442893385887146,-0.1027384996414184,0.4361934959888458,0.4373352527618408,-0.0625384002923965
M,0.5165064930915833,0.3412070870399475,-0.3879193961620331,0.5970555543899536,0.3897608518600464,-0.1423392742872238,0.4599716365337372,0.386887788772583,-0.054347351193428
M,0.4656626284122467,0.3653832077980041,-0.3409866392612457,0.5513095259666443,0.410407543182373,-0.1365964561700821,0.4152634143829345,0.4123154282569885,-0.0135899549350142
M,0.4838689565658569,0.3897550404071808,-0.3871483504772186,0.5764584541320801,0.4437963962554931,-0.0991963967680931,0.4196729660034179,0.4448776841163635,-0.0040567503310739
M,0.4671415090560913,0.3728317022323608,-0.3919206857681274,0.5566233992576599,0.4206076860427856,-0.1664606779813766,0.4131956100463867,0.4203468561172485,-0.0212114099413156
M,0.4914846420288086,0.3940508365631103,-0.2284707874059677,0.5785064697265625,0.4507091343402862,-0.0072721131145954,0.4250893890857696,0.4496265053749084,0.0826809406280517
M,0.4869209229946136,0.346890240907669,-0.3857773542404175,0.5593698024749756,0.3988572061061859,-0.1481582522392273,0.418192982673645,0.3945784568786621,-0.081846959888935
M,0.5159896612167358,0.349277138710022,-0.4113732874393463,0.5955063104629517,0.3947281241416931,-0.1605129987001419,0.4589707255363464,0.3942020833492279,-0.0924527868628501
M,0.5045206546783447,0.3797364830970764,-0.4748440384864807,0.5838626027107239,0.4346969127655029,-0.1185400709509849,0.4331854283809662,0.430876076221466,-0.1493933051824569
M,0.5183136463165283,0.3777559697628021,-0.4923722445964813,0.5948476195335388,0.4311759173870086,-0.1667783409357071,0.4452746212482452,0.4271899461746216,-0.172289490699768
M,0.478135347366333,0.4123634696006775,-0.2828032076358795,0.5772988200187683,0.4641045928001404,-0.0109399380162358,0.412216454744339,0.4637452661991119,0.0810311585664749
M,0.4864670038223266,0.3560457825660705,-0.3882580399513244,0.5633547306060791,0.39738330245018,-0.1504681557416916,0.4261115789413452,0.3980962634086609,-0.0864860862493515
M,0.5308303236961365,0.3655876219272613,-0.4395782947540283,0.6112304925918579,0.4197866320610046,-0.1129380241036415,0.4493595063686371,0.4174572825431824,-0.060377225279808
M,0.5638638734817505,0.3779303431510925,-0.4934145212173462,0.6270850300788879,0.4301616549491882,-0.1672119945287704,0.4700749814510345,0.4224086999893188,-0.1334206908941269
M,0.5061656832695007,0.3623795509338379,-0.3793355524539947,0.5854687690734863,0.4084453880786896,-0.1511233299970626,0.4461231529712677,0.4061353206634521,-0.0466085113584995
M,0.5315922498703003,0.3539326786994934,-0.5326365232467651,0.6151753664016724,0.40003502368927,-0.158551886677742,0.4658311009407043,0.4010160565376282,-0.1658679693937301
M,0.5357766151428223,0.3477537930011749,-0.4342561960220337,0.6206204295158386,0.3915625810623169,-0.1063025891780853,0.4748500287532806,0.3952480554580688,-0.0902071669697761
M,0.5065717697143555,0.3462153673171997,-0.3253400921821594,0.5829588770866394,0.3908185064792633,-0.1210058033466339,0.4465196430683136,0.3880369961261749,-0.0284489076584577
M,0.5161004066467285,0.3535872101783752,-0.4052172601222992,0.5861550569534302,0.398796796798706,-0.1402802914381027,0.4469812512397766,0.4015471339225769,-0.0687002763152122
M,0.4774289429187774,0.3475265800952911,-0.2960672974586487,0.5593041181564331,0.3993397653102875,-0.1102763265371322,0.4172662198543548,0.3957445025444031,0.0100560206919908
M,0.5495818257331848,0.361289381980896,-0.5271705985069275,0.6342026591300964,0.4091246128082275,-0.1622625440359115,0.481417715549469,0.4078666269779205,-0.1629783809185028
M,0.5710409879684448,0.3561089038848877,-0.4374945759773254,0.64156174659729,0.4094047546386719,-0.1049086600542068,0.4970565736293793,0.4069823026657104,-0.1110415756702423
M,0.5007522106170654,0.3458422422409057,-0.3947349190711975,0.5856357216835022,0.3965819478034973,-0.1264870315790176,0.4441846311092376,0.3955287635326385,-0.0537644922733306
M,0.4756477773189544,0.3858660459518432,-0.5253599286079407,0.574730396270752,0.4302676916122436,-0.1586530655622482,0.4231765270233154,0.430849015712738,-0.1294904351234436
M,0.4712289273738861,0.3591235280036926,-0.5791186094284058,0.5594214200973511,0.407759428024292,-0.2443750649690628,0.3872817158699035,0.4076078832149505,-0.1533375680446624
M,0.4942687749862671,0.3566268682479858,-0.5361225008964539,0.5839648246765137,0.4011896252632141,-0.2020139396190643,0.4114164710044861,0.4047089219093323,-0.1480546444654464
M,0.5060360431671143,0.3672888278961181,-0.6748943328857422,0.6020749807357788,0.421892762184143,-0.2639955580234527,0.42200767993927,0.4135100841522217,-0.2162010073661804
M,0.4606492221355438,0.3603388667106628,-0.5326275825500488,0.557601273059845,0.4088540077209472,-0.2265030592679977,0.3858537971973419,0.4103885889053345,-0.1514343172311782
M,0.4665795266628265,0.3505822122097015,-0.5495540499687195,0.5553518533706665,0.4021138846874237,-0.1936877071857452,0.3802157640457153,0.40562903881073,-0.1458200365304947
M,0.5373223423957825,0.3369151949882507,-0.5473050475120544,0.6187716722488403,0.3841604590415954,-0.2025986462831497,0.4570783972740173,0.3818570971488952,-0.1575002819299698
M,0.5028738975524902,0.343809962272644,-0.5640974640846252,0.5985883474349976,0.3958823680877685,-0.2292886674404144,0.423565536737442,0.3890727758407593,-0.1417416036128997
M,0.5043017864227295,0.3591315150260925,-0.6232495307922363,0.6008307933807373,0.4064781963825226,-0.1758305728435516,0.4151874184608459,0.4042312800884247,-0.1717298030853271
M,0.4866863191127777,0.3898823261260986,-0.5301634669303894,0.5809944868087769,0.4314458072185516,-0.1468357294797897,0.3843320906162262,0.4351760745048523,-0.139910414814949
M,0.5161068439483643,0.3381903171539306,-0.5702623128890991,0.5908522605895996,0.3879730105400085,-0.2033426016569137,0.4106302261352539,0.3871866464614868,-0.1991046816110611
M,0.4659491777420044,0.3370498716831207,-0.5132504105567932,0.5561156272888184,0.386854737997055,-0.1759198158979416,0.3813908100128174,0.3857901692390442,-0.1050010472536087
M,0.449830412864685,0.333147644996643,-0.6105524897575378,0.54567551612854,0.3869369924068451,-0.2507731318473816,0.3654617071151733,0.3882327675819397,-0.1742468476295471
M,0.5333610773086548,0.3768829703330993,-0.5346327424049377,0.6214030385017395,0.4244734346866607,-0.0893490463495254,0.4372414350509643,0.4270975887775421,-0.146001398563385
M,0.5140312314033508,0.3449218869209289,-0.5902657508850098,0.6008032560348511,0.3897281289100647,-0.1748504042625427,0.4218017160892486,0.3889472782611847,-0.192009761929512
M,0.5048173069953918,0.3296256363391876,-0.5834592580795288,0.5943257808685303,0.3865568041801452,-0.2058877050876617,0.4170643985271454,0.3843308091163635,-0.1939259469509124
M,0.4656322598457336,0.3498419523239136,-0.6229783296585083,0.5623865723609924,0.3977816104888916,-0.2383774667978286,0.3741636872291565,0.3974919319152832,-0.1913029700517654
M,0.4990556538105011,0.3425420820713043,-0.6403519511222839,0.5909731388092041,0.3972946107387543,-0.2606163322925567,0.4051539599895477,0.3954809904098511,-0.194016546010971
M,0.5466886162757874,0.317583680152893,-0.5458157062530518,0.6349360942840576,0.3732610642910003,-0.1905776709318161,0.459578275680542,0.3699039220809936,-0.1543323695659637
M,0.5669260025024414,0.3327718377113342,-0.6805230379104614,0.651103138923645,0.3861523866653442,-0.2417423576116562,0.467898815870285,0.3789317309856415,-0.2441423237323761
M,0.5169287919998169,0.3286035060882568,-0.6879337430000305,0.6128557324409485,0.3782256245613098,-0.3218795955181122,0.4303976595401764,0.3750375211238861,-0.2378626763820648
M,0.5519294738769531,0.3552752137184143,-0.6460007429122925,0.6372343301773071,0.4154194593429565,-0.2336361706256866,0.4442133605480194,0.401116132736206,-0.130275696516037
M,0.5299882292747498,0.383529782295227,-0.574718177318573,0.6235516667366028,0.4347569048404693,-0.1197702586650848,0.438952088356018,0.4272593855857849,-0.1126055270433425
M,0.4772188067436218,0.36298269033432,-0.6267354488372803,0.5765590071678162,0.4017118811607361,-0.2975141704082489,0.4008484482765198,0.4027096629142761,-0.2106612473726272
M,0.5447023510932922,0.2858447432518005,-0.3618253171443939,0.5058113932609558,0.3312793374061584,0.0854262486100196,0.4117719531059265,0.3298300504684448,-0.3759886622428894
M,0.5485621094703674,0.2865136861801147,-0.3477318584918976,0.5148302316665649,0.3331333994865417,0.1295594871044159,0.4323569536209106,0.3301674425601959,-0.3815186023712158
M,0.6561514139175415,0.3301230072975158,-0.3167340457439422,0.6120741367340088,0.3767817616462707,0.1188200116157531,0.540341317653656,0.3801006972789764,-0.4545656442642212
M,0.6577078104019165,0.3322319686412811,-0.3335378170013428,0.620997428894043,0.377396821975708,0.1160685420036315,0.5439351201057434,0.3840385675430298,-0.4609240293502807
M,0.5525112152099609,0.2837390601634979,-0.344911128282547,0.5124137997627258,0.3307213187217712,0.1316334307193756,0.4404287934303283,0.3280758261680603,-0.3904431760311126
M,0.5083770155906677,0.2807019650936126,-0.3454771339893341,0.4797513484954834,0.3300582766532898,0.1521670967340469,0.393405944108963,0.3296023607254028,-0.3430627286434173
M,0.6342703700065613,0.3133243024349212,-0.2522132098674774,0.5851972699165344,0.363295316696167,0.134392648935318,0.5124302506446838,0.3682895302772522,-0.4443307518959045
M,0.5306009650230408,0.2882757186889648,-0.3741517066955566,0.5029462575912476,0.3364340662956238,0.1326335370540619,0.4202291667461395,0.3350870609283447,-0.4171550273895263
M,0.5504747033119202,0.2905968427658081,-0.4391372501850128,0.5121995806694031,0.339007019996643,0.07308891415596,0.4367005527019501,0.3414924740791321,-0.5115450024604797
M,0.5087769031524658,0.2867627441883087,-0.3732489645481109,0.4666784405708313,0.3236536979675293,0.1387998759746551,0.389578104019165,0.3250970244407654,-0.4239643216133117
M,0.4957156181335449,0.2936359345912933,-0.3646050691604614,0.4613843858242035,0.3422447741031647,0.1348673999309539,0.3762777149677276,0.3466655611991882,-0.4303072094917297
M,0.5080021023750305,0.2986756563186645,-0.3943937420845032,0.4652242362499237,0.3472732603549957,0.1098775416612625,0.375579833984375,0.346418172121048,-0.3953031301498413
M,0.5037142038345337,0.3057314157485962,-0.4436459541320801,0.4698751866817474,0.3507173657417297,0.0969386100769043,0.3922955393791199,0.3546524047851562,-0.4757170379161834
M,0.5126086473464966,0.2874113321304321,-0.4027136266231537,0.4819587767124176,0.3363708555698395,0.1163830310106277,0.3981198966503143,0.3346653282642364,-0.4284331202507019
M,0.3991839587688446,0.2649350166320801,-0.334030419588089,0.3831702768802643,0.3149806261062622,0.1028649508953094,0.2860400974750519,0.3159571290016174,-0.3187910318374634
M,0.5158548355102539,0.2912271320819855,-0.3584887385368347,0.4771725833415985,0.3435431122779846,0.1750039607286453,0.401076078414917,0.3478137254714966,-0.4037756621837616
M,0.4273576736450195,0.2727055251598358,-0.3833096027374267,0.384695827960968,0.3224587440490722,0.0684356614947319,0.3045248687267303,0.3220709562301636,-0.4154938459396362
M,0.4165928661823272,0.262559175491333,-0.359554648399353,0.3887299299240112,0.3130322396755218,0.0729280710220336,0.3056807219982147,0.3131722211837768,-0.3933924734592438
M,0.5287681818008423,0.3115878701210022,-0.4060303866863251,0.4898846447467804,0.3598995804786682,0.1212106049060821,0.4188519120216369,0.3644700646400451,-0.4370369613170624
M,0.4635383784770965,0.2667728662490845,-0.3281265795230865,0.4273053407669067,0.3166541159152984,0.1259106695652008,0.347188800573349,0.3136660456657409,-0.3906492292881012
M,0.3931664228439331,0.2534554600715637,-0.2796690762042999,0.3651897311210632,0.3056343793869018,0.1314249187707901,0.2789176702499389,0.3047429025173187,-0.3239763081073761
M,0.5186012387275696,0.2869343757629394,-0.3446426689624786,0.4699040055274963,0.3329492211341858,0.154880866408348,0.396942526102066,0.3356193304061889,-0.4382534325122833
M,0.4582425355911255,0.277356207370758,-0.3533383011817932,0.418171763420105,0.3266992568969726,0.1008629277348518,0.3257524967193603,0.3251165151596069,-0.3926018476486206
M,0.4920738041400909,0.2785978317260742,-0.3664615750312805,0.4480025768280029,0.3226304054260254,0.143846794962883,0.369346022605896,0.3176448345184326,-0.3765537440776825
M,0.4697249233722687,0.2697798609733581,-0.3274923264980316,0.4434012472629547,0.3171271085739136,0.1152448281645774,0.34507617354393,0.3139275908470154,-0.3082062900066376
M,0.5855754613876343,0.3132743835449219,-0.2924105525016784,0.541183590888977,0.3580513596534729,0.1450379788875579,0.4577899873256683,0.3651417791843414,-0.3982910215854645
N,0.4666977524757385,0.2188250422477722,-0.0073568811640143,0.5091431140899658,0.2855724096298218,-0.1633892208337783,0.495774894952774,0.2949738800525665,0.1716399043798446
N,0.4389106333255768,0.2477697432041168,0.0184156857430934,0.4824810624122619,0.288798451423645,-0.1440378129482269,0.4740325510501861,0.3035783469676971,0.1868403106927871
N,0.4533021748065948,0.2465579360723495,-0.0289807710796594,0.4996986389160156,0.2894938588142395,-0.1762309670448303,0.4923015832901001,0.3038960695266723,0.1513967514038086
N,0.4597419202327728,0.2350038290023803,-0.0177870001643896,0.5091321468353271,0.2930886149406433,-0.1587712466716766,0.4924298524856567,0.3055872917175293,0.1513141542673111
N,0.457603394985199,0.2276343554258346,-0.0385150425136089,0.5027921199798584,0.2910962700843811,-0.1771266013383865,0.4924102425575256,0.2943450212478637,0.1321658641099929
N,0.4698879420757293,0.2478313744068145,0.0049106441438198,0.5150254368782043,0.3023666739463806,-0.1519261449575424,0.5045965909957886,0.3119034469127655,0.1711430996656417
N,0.4386864304542541,0.2310999929904937,0.0050032422877848,0.4862374067306518,0.2875214219093323,-0.1418467760086059,0.4759268760681152,0.2944166362285614,0.1644374728202819
N,0.4544829130172729,0.2330403327941894,0.0106072882190346,0.5005346536636353,0.2842782735824585,-0.1413210034370422,0.4886320531368255,0.2994785904884338,0.1784476190805435
N,0.4314105808734894,0.2280498743057251,-0.0190091039985418,0.4804972112178802,0.2787422835826874,-0.1667432337999344,0.4684297740459442,0.2895199060440063,0.1501882076263427
N,0.4439899623394012,0.2268581092357635,-0.0308753047138452,0.4894527196884155,0.2895219922065735,-0.1789300590753555,0.4811087250709533,0.2991214990615845,0.1526878327131271
N,0.4483368098735809,0.2519465982913971,0.0112514765933156,0.4923712015151977,0.3030420541763305,-0.1428530067205429,0.4848686754703522,0.3106297850608825,0.1754509359598159
N,0.4934022724628448,0.2266784906387329,0.0214710254222154,0.5362952947616577,0.2812320291996002,-0.1287400126457214,0.5186291337013245,0.295755386352539,0.1742283701896667
N,0.4712074697017669,0.2481675148010254,-0.006463280878961,0.514533519744873,0.3095648288726806,-0.1554572880268097,0.5019185543060303,0.3193693459033966,0.1580248773097992
N,0.4611240923404693,0.2487652897834777,-0.0250640921294689,0.5083262920379639,0.3110379576683044,-0.1687828302383422,0.4952028095722198,0.3199199438095093,0.1451232582330703
N,0.4734567999839782,0.2466307580471038,-0.0186854377388954,0.5162514448165894,0.3117848634719848,-0.1643181294202804,0.5056480169296265,0.3192516565322876,0.1495592594146728
N,0.4602795839309692,0.2476450204849243,0.0136437909677624,0.5048984289169312,0.3046209812164306,-0.1442404389381408,0.4916325211524963,0.3198772072792053,0.1769751459360122
N,0.4709805846214294,0.2424211204051971,-0.0146449636667966,0.5163952708244324,0.3073396682739258,-0.1615369021892547,0.502424418926239,0.3164828419685364,0.1516815572977066
N,0.4520759582519531,0.2409093230962753,-0.0168399959802627,0.4990466833114624,0.3033874332904815,-0.1624563187360763,0.4818759560585022,0.31405770778656,0.1545625627040863
N,0.4560173451900482,0.2473391741514206,0.0036723630037158,0.4980708360671997,0.3059693574905395,-0.1482867151498794,0.4875848591327667,0.3163687586784363,0.1679600775241851
N,0.4488179385662079,0.259856641292572,0.001440902473405,0.4915841817855835,0.3231764435768127,-0.1463569402694702,0.4804002046585083,0.3309802711009979,0.1633722782135009
N,0.4401171207427978,0.260334312915802,-0.0085485028102993,0.483045369386673,0.3175476193428039,-0.1607311218976974,0.4726468622684479,0.3288457095623016,0.1597415506839752
N,0.4277356266975403,0.2234933227300644,-0.0315818153321743,0.4702471494674682,0.2866026163101196,-0.1674090027809143,0.4570955634117126,0.2970722913742065,0.1393817663192749
N,0.4428808987140655,0.2240959852933883,0.0001624282303964,0.4844306409358978,0.2890646159648895,-0.1490227133035659,0.4742340445518493,0.2983447909355163,0.1656947433948516
N,0.4443207383155823,0.193559318780899,-0.0221521444618701,0.4855034053325653,0.2626578211784363,-0.1651636362075805,0.4754940569400787,0.2708376348018646,0.1482622772455215
N,0.467694878578186,0.2469605505466461,-0.0038706539198756,0.5112087726593018,0.3035271465778351,-0.150886595249176,0.5002832412719727,0.3151928186416626,0.1606499254703521
N,0.4242613911628723,0.1948126852512359,-0.0383012257516384,0.4693384766578674,0.2635418176651001,-0.1765436232089996,0.4589008092880249,0.2677218914031982,0.1292720735073089
N,0.4520153403282165,0.196732759475708,-0.0207581613212823,0.4962735772132873,0.2641482949256897,-0.1632723808288574,0.4804522097110748,0.2728420197963714,0.1481834799051284
N,0.4843586385250091,0.2232991605997085,-0.055897694081068,0.5273115634918213,0.2852202355861664,-0.2014035880565643,0.5201140642166138,0.2978968024253845,0.1221623569726944
N,0.4687604308128357,0.223085731267929,-0.0178608745336532,0.490329384803772,0.3013225793838501,-0.1635566055774688,0.5203188061714172,0.3104751110076904,0.1340539902448654
N,0.4752624928951263,0.2120255529880523,-0.0651920065283775,0.5091416239738464,0.2913182973861694,-0.2110600173473358,0.5160478353500366,0.295279324054718,0.1132268384099006
N,0.4686072766780853,0.2229408025741577,-0.0562674850225448,0.5116590857505798,0.2829422652721405,-0.1960098892450332,0.509853720664978,0.2893836200237274,0.1120206788182258
N,0.4845746755599975,0.2113533765077591,-0.0493310056626796,0.5213109850883484,0.2827567756175995,-0.19535793364048,0.5160004496574402,0.2910025119781494,0.1266142576932907
N,0.4413824081420898,0.2372210025787353,-0.0300559196621179,0.4910287857055664,0.286112904548645,-0.1745034009218216,0.4775265157222748,0.3003218173980713,0.1358168125152588
N,0.44697967171669,0.2129104733467102,-0.0614164136350154,0.4897572100162506,0.2723515629768371,-0.1945685744285583,0.4902141988277435,0.2773058116436004,0.1079543381929397
N,0.472928375005722,0.211233451962471,-0.0588423423469066,0.5129221081733704,0.2803283035755157,-0.2019346207380294,0.511544942855835,0.290962278842926,0.1223751455545425
N,0.4722639620304107,0.2033580094575882,-0.0509307906031608,0.5115629434585571,0.270488828420639,-0.1903300285339355,0.5140200853347778,0.2760685384273529,0.1133734509348869
N,0.4693027138710022,0.1938355565071106,-0.054422203451395,0.5136953592300415,0.2566563189029693,-0.1981733590364456,0.5070370435714722,0.2675402164459228,0.1208245381712913
N,0.4758813083171844,0.1981132924556732,-0.047327697277069,0.5174530744552612,0.2640519738197326,-0.1881840229034423,0.5160163044929504,0.2715946733951568,0.122712455689907
N,0.4763357937335968,0.1954438090324401,-0.0504414923489093,0.5192561745643616,0.2586036324501037,-0.1896148175001144,0.51167893409729,0.2685977816581726,0.120033398270607
N,0.455288678407669,0.1890877783298492,-0.0451137349009513,0.4998725652694702,0.2434149384498596,-0.1920643895864486,0.4934105277061462,0.2551908493041992,0.1290153712034225
N,0.460271954536438,0.1681414246559143,-0.086048386991024,0.5062562823295593,0.2360530495643615,-0.218104675412178,0.4901142716407776,0.2455648928880691,0.1127169430255889
N,0.4483107328414917,0.2206001281738281,-0.0538362227380275,0.4890367686748504,0.2923862338066101,-0.1939684301614761,0.4815224409103393,0.3029938340187073,0.1230685859918594
N,0.4573363065719604,0.1597115397453308,-0.0520452223718166,0.4968205094337463,0.231348231434822,-0.2037333101034164,0.4886020123958587,0.2408832311630249,0.1459453850984573
N,0.4637154042720794,0.1518009006977081,0.0064951563253998,0.4908156991004944,0.2220465540885925,-0.165080651640892,0.5137478113174438,0.2350988537073135,0.177822396159172
N,0.4552477598190307,0.1376729309558868,-0.0064030569046735,0.4893100559711456,0.2074226140975952,-0.1856099665164947,0.50823974609375,0.2202807366847992,0.1807554364204406
N,0.4814998209476471,0.1598259508609771,0.0204413682222366,0.5144703388214111,0.2191847413778305,-0.1556265205144882,0.5372781753540039,0.2368277609348297,0.1882966756820678
N,0.4556351900100708,0.1651140451431274,-0.0242234673351049,0.4908599257469177,0.2259416878223419,-0.185402974486351,0.4946776926517486,0.2403909713029861,0.1559297740459442
N,0.4811559319496155,0.1457162797451019,0.0002502477436792,0.5093241930007935,0.216040700674057,-0.1774331927299499,0.5328986644744873,0.2300040572881698,0.1815396398305893
N,0.4730971157550812,0.1194344535470008,-0.0220330040901899,0.5075300931930542,0.191472053527832,-0.193423330783844,0.5256660580635071,0.2086144685745239,0.1648256033658981
N,0.4510507583618164,0.163565307855606,-0.01007457729429,0.4871002435684204,0.227246344089508,-0.1733110100030899,0.4958285093307495,0.2420866191387176,0.1654325276613235
N,0.4735229313373565,0.1712284088134765,0.0104984631761908,0.5203084349632263,0.2095322608947754,-0.1460428535938263,0.5265381336212158,0.2260553389787674,0.1636823415756225
N,0.4860730171203613,0.1719853281974792,-0.0103371534496545,0.5367203950881958,0.2174777090549469,-0.1659426689147949,0.5366827249526978,0.2331248819828033,0.1561229377985
N,0.4414175450801849,0.1887283325195312,-0.0004869680269621,0.4735719263553619,0.235126182436943,-0.1761504560708999,0.4909204840660095,0.2555318176746368,0.1761221438646316
N,0.4754975736141205,0.1359868943691253,-0.0186686255037784,0.5113694071769714,0.2061530649662017,-0.1923803687095642,0.5307790040969849,0.2211612612009048,0.1700433045625686
N,0.5117958188056946,0.1424867510795593,-0.0086227711290121,0.5442367792129517,0.2088103890419006,-0.1721720099449157,0.5667256116867065,0.2243018746376037,0.1623884886503219
N,0.5282556414604187,0.1255391538143158,-0.0256026722490787,0.5675939321517944,0.189608097076416,-0.197433590888977,0.5802357196807861,0.2015559524297714,0.1561450809240341
N,0.447046160697937,0.1740007400512695,-0.1006238237023353,0.4812912940979004,0.2318699657917022,-0.1720701456069946,0.4715612232685089,0.2443807125091552,0.1675410866737365
N,0.559546709060669,0.1176584064960479,-0.0385361202061176,0.5949829816818237,0.1862741708755493,-0.2080247551202774,0.6130688190460205,0.1925605535507202,0.152934655547142
N,0.5283926129341125,0.127778023481369,-0.0401799455285072,0.5750033259391785,0.1836293935775756,-0.2091263979673385,0.5759297013282776,0.1925238370895385,0.1576733738183975
N,0.5565202832221985,0.0800021588802337,-0.0619769617915153,0.5959893465042114,0.1517814993858337,-0.2219606190919876,0.6064410209655762,0.1645459830760955,0.1388695687055587
N,0.5039975047111511,0.3529514074325561,-0.3540096282958984,0.577643096446991,0.401159405708313,-0.0868605226278305,0.4412311613559723,0.3978077173233032,-0.0307537298649549
N,0.471037745475769,0.3454552888870239,-0.3505286574363708,0.5526507496833801,0.3955631256103515,-0.0958399251103401,0.4150556027889251,0.3980428576469421,-0.0305534731596708
N,0.4643077552318573,0.367677092552185,-0.3994844257831573,0.5467529892921448,0.3938180208206177,-0.1100815162062645,0.4095787703990936,0.3931707143783569,-0.052163902670145
N,0.4709429740905761,0.3551509380340576,-0.3555704057216644,0.5497493743896484,0.402309238910675,-0.1110165417194366,0.413087248802185,0.4018784165382385,-0.0109689245000481
N,0.4997579455375671,0.3630968034267425,-0.3834624588489532,0.5757222175598145,0.3938949108123779,-0.128851979970932,0.4413021206855774,0.3925614356994629,-0.0480990633368492
N,0.4725154936313629,0.3575575351715088,-0.3742166459560394,0.5612572431564331,0.3941672444343567,-0.1366851478815078,0.4256910979747772,0.3946413695812225,-0.0283283367753028
N,0.511185348033905,0.3422677516937256,-0.3804648518562317,0.5823615789413452,0.3915892839431762,-0.1145843192934989,0.4451671540737152,0.3888304233551025,-0.0643886998295784
N,0.5229856967926025,0.3361964821815491,-0.3692068755626678,0.5994845628738403,0.3879785537719726,-0.123372383415699,0.4634034335613251,0.385765016078949,-0.0693626031279563
N,0.4886603057384491,0.3504373729228973,-0.3537178039550781,0.5668543577194214,0.3877829015254974,-0.1141999363899231,0.435333102941513,0.3893019258975982,-0.0406613238155841
N,0.5160627365112305,0.3650692999362945,-0.4357353150844574,0.5923618674278259,0.3890055418014526,-0.1439574658870697,0.4560557305812835,0.3846339583396911,-0.0903510823845863
N,0.544513463973999,0.3608241379261017,-0.3944007754325866,0.6110668778419495,0.3829192221164703,-0.123662881553173,0.4786434471607208,0.3827473521232605,-0.0545752830803394
N,0.566150426864624,0.3302330374717712,-0.3650312721729278,0.6301895380020142,0.3741018176078796,-0.1062399223446846,0.4963450133800506,0.3696843087673187,-0.0596129857003688
N,0.5380984544754028,0.3364602327346802,-0.3372014760971069,0.6071404218673706,0.3766143918037414,-0.0891384705901146,0.475599467754364,0.3731185793876648,-0.0199670530855655
N,0.5426556468009949,0.3333454728126526,-0.3464498221874237,0.6047064661979675,0.3830762505531311,-0.0825568959116935,0.4679364264011383,0.3834485411643982,-0.0510318651795387
N,0.5516741871833801,0.3399168848991394,-0.376812070608139,0.6258769035339355,0.386784017086029,-0.1252368986606598,0.4888531863689422,0.3858468532562256,-0.0774841234087944
N,0.5624192357063293,0.3379940390586853,-0.3524421155452728,0.63041090965271,0.3886071145534515,-0.1013338565826416,0.4929949045181274,0.3846828639507293,-0.0600683651864528
N,0.5410737991333008,0.3410739600658417,-0.394176185131073,0.6118687391281128,0.388603538274765,-0.111489899456501,0.4771618843078613,0.3862322568893432,-0.0642817839980125
N,0.4884793758392334,0.3377230167388916,-0.3677939176559448,0.5666618347167969,0.389557421207428,-0.1094270050525665,0.4240692555904388,0.3868476450443268,-0.0366295613348484
N,0.5130290985107422,0.3331707119941711,-0.4873656630516052,0.5984432697296143,0.3817676305770874,-0.1782513856887817,0.4378252029418945,0.3803377151489258,-0.1253826767206192
N,0.4887515902519226,0.3536761105060577,-0.5154289603233337,0.5767476558685303,0.4036645293235779,-0.188433289527893,0.4068487286567688,0.4034908413887024,-0.1580274105072021
N,0.4862027466297149,0.3281496167182922,-0.5326424241065979,0.571175754070282,0.3811814188957214,-0.1869111359119415,0.398645669221878,0.3811761736869812,-0.1438610106706619
N,0.4622872471809387,0.3251411318778991,-0.4890762567520141,0.5542687773704529,0.3788797855377197,-0.1844208538532257,0.3829921782016754,0.3779030442237854,-0.1134449392557144
N,0.507681667804718,0.3113389611244201,-0.5119381546974182,0.59868985414505,0.3693621158599853,-0.2160651087760925,0.426011174917221,0.367138922214508,-0.1190137192606926
N,0.5524994730949402,0.3173675537109375,-0.6171642541885376,0.640066385269165,0.3674422800540924,-0.2572041451931,0.4624485075473785,0.3648509979248047,-0.2139601111412048
N,0.5113027691841125,0.3031598329544067,-0.5323129296302795,0.5965126156806946,0.3567329347133636,-0.2046637088060379,0.4174344539642334,0.3580141067504883,-0.1444917321205139
N,0.5257012248039246,0.304706871509552,-0.3840477764606476,0.6149588823318481,0.3555463552474975,-0.1311670392751693,0.4521030783653259,0.3580605387687683,-0.0802425071597099
N,0.5063962340354919,0.3452040553092956,-0.507570207118988,0.5955053567886353,0.3908498287200928,-0.1912734508514404,0.4228186309337616,0.3929353952407837,-0.1720604747533798
N,0.5070170760154724,0.2559763491153717,-0.349475085735321,0.4919614791870117,0.3056118190288543,0.1132391318678855,0.3837673366069793,0.2992361783981323,-0.2886869311332702
N,0.5151171088218689,0.2744507789611816,-0.3126406669616699,0.4894463419914245,0.3252551257610321,0.106687530875206,0.4017338156700134,0.3221708238124847,-0.3256666958332062
N,0.4944687485694885,0.2748184204101562,-0.3168218433856964,0.4752167165279388,0.3258882164955139,0.1103705689311027,0.3847419321537018,0.3232485651969909,-0.3004688620567322
N,0.5179306864738464,0.2653024196624756,-0.2871727645397186,0.4896826148033142,0.3055419325828552,0.1481435894966125,0.4000506103038788,0.3026427030563354,-0.3206023871898651
N,0.4735020697116852,0.2623774111270904,-0.3254631459712982,0.4460760653018951,0.3140138983726501,0.0914547368884086,0.3578933775424957,0.3179545104503631,-0.3660334944725036
N,0.4757661819458008,0.2664979994297027,-0.342324435710907,0.4514794051647186,0.3180209994316101,0.1085680648684501,0.3658069968223572,0.3164181113243103,-0.3443329036235809
N,0.4585030078887939,0.2700858414173126,-0.3224433660507202,0.4342430830001831,0.3194903135299682,0.1032796800136566,0.349240243434906,0.3194375932216644,-0.3302944004535675
N,0.4265075623989105,0.2699270844459533,-0.3477949500083923,0.4069361388683319,0.3210113644599914,0.1083487197756767,0.3162533044815063,0.3216738700866699,-0.3202703595161438
N,0.4293718338012695,0.2650043368339538,-0.2873185575008392,0.4079098701477051,0.3168592751026153,0.1023511737585067,0.3123195171356201,0.3164928555488586,-0.3353690207004547
N,0.4377399086952209,0.2677827477455139,-0.318006694316864,0.4150806367397308,0.3207723498344421,0.136156365275383,0.3286519050598144,0.3177816867828369,-0.337714284658432
N,0.4236164689064026,0.2622963190078735,-0.3341701328754425,0.4084674119949341,0.3162666857242584,0.0930753499269485,0.3145127296447754,0.3125363886356354,-0.3281957805156708
N,0.3856825530529022,0.2553158104419708,-0.2754851877689361,0.3656362295150757,0.3102477788925171,0.1284100711345672,0.271437257528305,0.3070053160190582,-0.3232268393039703
N,0.401957631111145,0.252661645412445,-0.2748283147811889,0.3785234093666076,0.3073416948318481,0.1157959625124931,0.2852117121219635,0.3047992885112762,-0.3170434236526489
N,0.3880683183670044,0.2450279146432876,-0.3510228991508484,0.3676863312721252,0.298038899898529,0.1034713760018348,0.2734224796295166,0.2961776256561279,-0.3534616529941559
N,0.3890237212181091,0.2478150576353073,-0.234789028763771,0.3792835474014282,0.3005065619945526,0.1250715255737304,0.2696652114391327,0.2950729131698608,-0.2731324136257171
N,0.3829181790351867,0.2507023215293884,-0.3826529681682586,0.3792413175106048,0.3108516335487366,0.0738881379365921,0.275185763835907,0.3017159700393677,-0.3214372992515564
N,0.4348326921463012,0.259361207485199,-0.3150005936622619,0.4119988083839416,0.3085705637931824,0.1011431813240051,0.3136976957321167,0.3033154606819153,-0.3065267503261566
